INSERT INTO client (client_id, family_name, name, patronymic, passport_details, marital_status, registration,
                    contact_number, employment_details)
VALUES ('7b9d6d42-18bb-4db7-bfc2-21f01548a1a4', 'Smith', 'John', 'Michael', 'AB1234567', 'Single',
        'New York, 5th Ave, Apt 101', '1234567890', 'ABC Corp.'),
       ('c7d4d6a1-3b20-4a0d-85de-749a893d4598', 'Johnson', 'Emily', 'Rose', 'CD2345678', 'Married',
        'Los Angeles, Sunset Blvd, Apt 202', '2345678901', 'XYZ Ltd.'),
       ('35f62244-02f1-4fc7-96e1-979bdbb7eae6', 'Williams', 'James', 'Robert', 'EF3456789', 'Divorced',
        'Chicago, Main St, Apt 303', '3456789012', 'LMN Inc.'),
       ('2b56e3d1-cf78-4e63-9c6a-f4f6584d1b38', 'Jones', 'Olivia', 'Sophia', 'GH4567890', 'Widowed',
        'Houston, Elm St, Apt 404', '4567890123', 'PQR LLC'),
       ('896cce29-d9e7-41a3-b1d7-e0d256e5cfbb', 'Brown', 'Michael', 'David', 'IJ5678901', 'Single',
        'Philadelphia, Broad St, Apt 505', '5678901234', 'STU Co.'),
       ('05e87d3c-71ee-4c90-91ab-0c5a2307dc90', 'Davis', 'Sarah', 'Ann', 'KL6789012', 'Married',
        'San Antonio, Market St, Apt 606', '6789012345', 'VWX Ltd.'),
       ('8a4b2a45-09a7-4f67-a3cf-43260b8f2c2d', 'Miller', 'William', 'Alexander', 'MN7890123', 'Divorced',
        'San Diego, Ocean Blvd, Apt 707', '7890123456', 'YZA Corp.'),
       ('ad3d4f7e-f4e0-48a6-85b2-94eb508a4e4e', 'Wilson', 'Sophia', 'Marie', 'OP8901234', 'Widowed',
        'Dallas, Central Ave, Apt 808', '8901234567', 'BCD Inc.'),
       ('44d92d0d-7361-47e2-989b-15b7a54d7747', 'Moore', 'David', 'Joseph', 'QR9012345', 'Single',
        'San Jose, First St, Apt 909', '9012345678', 'EFG LLC'),
       ('9a2a430d-0a34-4fc1-8a0c-691f5db26de2', 'Taylor', 'Emily', 'Grace', 'ST0123456', 'Married',
        'Austin, Congress Ave, Apt 1010', '0123456789', 'HIJ Co.');
INSERT INTO loan_application (loan_application_id, client_id, is_approved_loan, loan_amount, loan_term_months)
VALUES ('6d4a8d72-c3b6-4c62-89f6-f2f0b6b9d2db', '7b9d6d42-18bb-4db7-bfc2-21f01548a1a4', TRUE, 10000.00, 12),
       ('7c644e1d-dc6b-4edb-9e86-6d785b24f564', 'c7d4d6a1-3b20-4a0d-85de-749a893d4598', FALSE, 20000.00, 2),
       ('41b5d953-5b46-4de3-a5f6-3b55b9c0a5a2', '35f62244-02f1-4fc7-96e1-979bdbb7eae6', TRUE, 15000.00, 8),
       ('0a78186b-7f6f-4736-a0e2-8de4c9a45653', '2b56e3d1-cf78-4e63-9c6a-f4f6584d1b38', TRUE, 25000.00, 6),
       ('4d0edb6e-98a0-4b7b-b34d-4a4c52cbe702', '896cce29-d9e7-41a3-b1d7-e0d256e5cfbb', FALSE, 30000.00, 8),
       ('ed752bfa-3e6b-4ff6-8167-c5c70b40d3ae', '05e87d3c-71ee-4c90-91ab-0c5a2307dc90', TRUE, 12000.00, 10),
       ('b7e71d52-0e43-4eb7-80f7-58a4b42e92d5', '8a4b2a45-09a7-4f67-a3cf-43260b8f2c2d', TRUE, 18000.00, 7),
       ('ef58f245-e2f2-4640-b1b3-8f5b68e83934', 'ad3d4f7e-f4e0-48a6-85b2-94eb508a4e4e', FALSE, 22000.00, 3),
       ('9d2c8b5a-9297-4f35-93d2-c792a84899a6', '44d92d0d-7361-47e2-989b-15b7a54d7747', TRUE, 14000.00, 2),
       ('fa4b1c74-51eb-4f2f-82d8-2e3e8c65b3fc', '9a2a430d-0a34-4fc1-8a0c-691f5db26de2', FALSE, 28000.00, 3);
INSERT INTO loan_agreement (loan_agreement_id, is_signed, client_id, loan_application_id, date_of_signing)
VALUES ('56fc59e0-d70d-4e34-bbfb-2a4e5de1dc6d', TRUE, '7b9d6d42-18bb-4db7-bfc2-21f01548a1a4',
        '6d4a8d72-c3b6-4c62-89f6-f2f0b6b9d2db', '2024-08-30 10:00:00'),
       ('d927e6d1-f6b2-4a7b-bb76-c8a8b214c9a0', FALSE, 'c7d4d6a1-3b20-4a0d-85de-749a893d4598',
        '7c644e1d-dc6b-4edb-9e86-6d785b24f564', '2024-08-30 10:00:00'),
       ('93f21a6e-e7b2-4f3b-a052-6231e1d3c497', TRUE, '35f62244-02f1-4fc7-96e1-979bdbb7eae6',
        '41b5d953-5b46-4de3-a5f6-3b55b9c0a5a2', '2024-08-29 15:30:00'),
       ('d5b4eace-b3d3-4b3a-98ee-ff10f4e9e30d', TRUE, '2b56e3d1-cf78-4e63-9c6a-f4f6584d1b38',
        '0a78186b-7f6f-4736-a0e2-8de4c9a45653', '2024-08-28 09:45:00'),
       ('0d5e0d5e-63a0-42b0-87cc-6f5ed9d9e1c3', FALSE, '896cce29-d9e7-41a3-b1d7-e0d256e5cfbb',
        '4d0edb6e-98a0-4b7b-b34d-4a4c52cbe702', '2024-08-30 10:00:00'),
       ('a16a7b40-dad2-4d7b-9821-c0c907c24cce', TRUE, '05e87d3c-71ee-4c90-91ab-0c5a2307dc90', 'ed752bfa-3e6b-4ff6-8167-c5c70b40d3ae', '2024-08-27 13:00:00'),
       ('e582d39d-d4f2-438e-8f0d-07e15e74e1e6', TRUE, '8a4b2a45-09a7-4f67-a3cf-43260b8f2c2d', 'b7e71d52-0e43-4eb7-80f7-58a4b42e92d5', '2024-08-26 11:15:00'),
       ('4b4fda78-6c1d-4e6a-b90c-cf7c07d2a7d5', FALSE, 'ad3d4f7e-f4e0-48a6-85b2-94eb508a4e4e', 'ef58f245-e2f2-4640-b1b3-8f5b68e83934', '2024-08-30 10:00:00'),
       ('8e4a9f43-2091-4b9f-b9e2-cdb94729f92a', TRUE, '44d92d0d-7361-47e2-989b-15b7a54d7747', '9d2c8b5a-9297-4f35-93d2-c792a84899a6', '2024-08-25 14:30:00'),
       ('8b17e17b-dfb9-4c2d-b1c0-5342b63990a3', FALSE, '9a2a430d-0a34-4fc1-8a0c-691f5db26de2', 'fa4b1c74-51eb-4f2f-82d8-2e3e8c65b3fc', '2024-08-30 10:00:00');
